,User,Tweet
0,BolhaTech,"RT @cristinabetty5: Listen up â–¶ï¸Active listener ğŸ”Retweet
ğŸ‘‰https://t.co/HHSpRk7ivn

ğŸ‘‰https://t.co/v0iv86PVOc

ğŸ‘‰https://t.co/cLgKe1OWYa

#Pytâ€¦"
1,codedailybot,"RT @cristinabetty5: Listen up â–¶ï¸Active listener ğŸ”Retweet
ğŸ‘‰https://t.co/HHSpRk7ivn

ğŸ‘‰https://t.co/v0iv86PVOc

ğŸ‘‰https://t.co/cLgKe1OWYa

#Pytâ€¦"
2,codedailybot,"RT @cristinabetty5: Listen up â–¶ï¸Active listener ğŸ”Retweet
ğŸ‘‰https://t.co/HHSpRk7ivn

ğŸ‘‰https://t.co/v0iv86PVOc

ğŸ‘‰https://t.co/cLgKe1OWYa

#Pytâ€¦"
3,codedailybot,"RT @cristinabetty5: Listen up â–¶ï¸Active listener ğŸ”Retweet
ğŸ‘‰https://t.co/HHSpRk7ivn

ğŸ‘‰https://t.co/v0iv86PVOc

ğŸ‘‰https://t.co/cLgKe1OWYa

#Pytâ€¦"
4,JavaGeekBot,"RT @cristinabetty5: Listen up â–¶ï¸Active listener ğŸ”Retweet
ğŸ‘‰https://t.co/HHSpRk7ivn

ğŸ‘‰https://t.co/v0iv86PVOc

ğŸ‘‰https://t.co/cLgKe1OWYa

#Pytâ€¦"
5,GoaiDev,"RT @cristinabetty5: Listen up â–¶ï¸Active listener ğŸ”Retweet
ğŸ‘‰https://t.co/HHSpRk7ivn

ğŸ‘‰https://t.co/v0iv86PVOc

ğŸ‘‰https://t.co/cLgKe1OWYa

#Pytâ€¦"
6,XeronBot,"RT @cristinabetty5: Listen up â–¶ï¸Active listener ğŸ”Retweet
ğŸ‘‰https://t.co/HHSpRk7ivn

ğŸ‘‰https://t.co/v0iv86PVOc

ğŸ‘‰https://t.co/cLgKe1OWYa

#Pytâ€¦"
7,cristinabetty5,"Listen up â–¶ï¸Active listener ğŸ”Retweet
ğŸ‘‰https://t.co/HHSpRk7ivn

ğŸ‘‰https://t.co/v0iv86PVOc

ğŸ‘‰https://t.co/cLgKe1OWYa

#Python #Java #100DaysOfCode #FemTech #Linux #flutter #JavaScript #C #GO #R #Swift #PHP #Programming #Day63 #HTML #100DaysOfSwiftUI #BlackTwitter #programmer  #b"
8,XeronBot,RT @PDH_SciTechNews: #Coding Atlassian Puts Easy-to-Use Coding Tools in Hands of Business People - The Wall Street Journal https://t.co/27Vâ€¦
9,mahnzu,RT @PDH_SciTechNews: #Coding Atlassian Puts Easy-to-Use Coding Tools in Hands of Business People - The Wall Street Journal https://t.co/27Vâ€¦
10,XeronBot,RT @PenmanshipP: Biggest Foolâ€™Teasing Trolls Whilst She Hasnâ€™t A Fan @KIIARA #trendingkiiara #Python #BigData #Analytics #AI #DataScience #â€¦
11,JFSebastian146,"RT @Detroit_Detour: Todayâ€™s Projections
#Azure #flutter #java #javascript #Roblox #CodeNewbie 
#trendingkiiara #WordPress #HTML #AI #fintecâ€¦"
12,ArgentinaDevops,"RT @Detroit_Detour: Todayâ€™s Projections
#Azure #flutter #java #javascript #Roblox #CodeNewbie 
#trendingkiiara #WordPress #HTML #AI #fintecâ€¦"
13,KasimAkrBot,"RT @Detroit_Detour: Todayâ€™s Projections
#Azure #flutter #java #javascript #Roblox #CodeNewbie 
#trendingkiiara #WordPress #HTML #AI #fintecâ€¦"
14,XeronBot,"RT @Detroit_Detour: Todayâ€™s Projections
#Azure #flutter #java #javascript #Roblox #CodeNewbie 
#trendingkiiara #WordPress #HTML #AI #fintecâ€¦"
15,WeAreMarahall,"RT @Detroit_Detour: Todayâ€™s Projections
#Azure #flutter #java #javascript #Roblox #CodeNewbie 
#trendingkiiara #WordPress #HTML #AI #fintecâ€¦"
16,XeronBot,RT @rosarees79: Programming languages for beginners: which to learn first and what they are used for #app #software #developer #developmentâ€¦
17,rosarees79,RT @rosarees79: Programming languages for beginners: which to learn first and what they are used for #app #software #developer #developmentâ€¦
18,KasimAkrBot,"RT @Mobile_Morgue: Think You Want Smoke' Bring A *BYOBB (bring your own body bag)
#trendingkiiara isn't Timid!#rapbot 
@KIIARA #Security #Hâ€¦"
19,ArgentinaDevops,"RT @Mobile_Morgue: Certainly Not' But;They Do!Problem is they think your me! #WordPress #trendingkiiara #insurtech #NFT 
#Python #AI #IoT #â€¦"
20,ArgentinaDevops,"RT @Mobile_Morgue: Think You Want Smoke' Bring A *BYOBB (bring your own body bag)
#trendingkiiara isn't Timid!#rapbot 
@KIIARA #Security #Hâ€¦"
21,XeronBot,"RT @PenmanshipP: My Choice Awards
#trendingkiiara @KIIARA #HTML
#AI #CSS #IoT #IIoT #Azure #Ad #PyTorch #Cython #RStats #NFT
#CPP #Java #opâ€¦"
22,ArgentinaDevops,"RT @Mobile_Morgue: ğŸª„Counting Down The Ball Drop
#trendingkiiara @KIIARA #Cardano 
#Python #AI #IoT #IIoT #Azure #Ad #PyTorch #C #CPP #Javaâ€¦"
23,ArgentinaDevops,"RT @PenmanshipP: My Choice Awards
#trendingkiiara @KIIARA #HTML
#AI #CSS #IoT #IIoT #Azure #Ad #PyTorch #Cython #RStats #NFT
#CPP #Java #opâ€¦"
24,ArgentinaDevops,"RT @Mobile_Morgue: Heya' Miss @KIIARAğŸª#IoT #C U
#Python #trendingkiiara #AI #HTML #IoT #IIoT #Azure #PyTorch #Cython #C #CPP #Java #CSharpâ€¦"
25,WeAreMarahall,"RT @Mobile_Morgue: Certainly Not' But;They Do!Problem is they think your me! #WordPress #trendingkiiara #insurtech #NFT 
#Python #AI #IoT #â€¦"
26,WeAreMarahall,"RT @Mobile_Morgue: You know i'm down with theğŸ¤¡'s @icp  yeah you know me""
#trendingkiiara @KIIARA #WordPress 
#HTML #fintech #insurtech #finâ€¦"
27,WeAreMarahall,"RT @Mobile_Morgue: Think You Want Smoke' Bring A *BYOBB (bring your own body bag)
#trendingkiiara isn't Timid!#rapbot 
@KIIARA #Security #Hâ€¦"
28,WeAreMarahall,"RT @Rap_Thesaurus: ğŸ›¡You Can't Block True Love ğŸ¦…
@KIIARA #trendingkiiara #Security 
#Python #BigData #Analytics #AI  #IoT #IIoT #Azure #PyToâ€¦"
29,WeAreMarahall,"RT @Mobile_Morgue: Is She A Sight Or What ğŸ€
#TREASURE #kiiara #lilkiiwi #HTML 
@KIIARA #Python #BigData #Ad #Analytics #AI #Closer #IoT #IIâ€¦"
30,WeAreMarahall,"RT @Detroit_Detour: ï£¿ verifiable
God Works In Mysterious Waysâ€™
10 quote tweets from blocked account b_chivalrous+These 20 
@KIIARA #trendinâ€¦"
31,WeAreMarahall,RT @Mobile_Morgue: @KIIARA Good Will Is #karmazangel @KIIARA #Python #AI #IoT #IIoT #Azure #PyTorch #Cython #RStats #DotNet #C #CPP #Java #â€¦
32,WeAreMarahall,"RT @Mobile_Morgue: ğŸª„Counting Down The Ball Drop
#trendingkiiara @KIIARA #Cardano 
#Python #AI #IoT #IIoT #Azure #Ad #PyTorch #C #CPP #Javaâ€¦"
33,WeAreMarahall,"RT @PenmanshipP: My Choice Awards
#trendingkiiara @KIIARA #HTML
#AI #CSS #IoT #IIoT #Azure #Ad #PyTorch #Cython #RStats #NFT
#CPP #Java #opâ€¦"
34,WeAreMarahall,"RT @Mobile_Morgue: Cursed By The Company Kept' #trendingkiiara @KIIARA #Security
#Python #AI  #IoT #IIoT #Azure #Ad #PyTorch #Cython #RStatâ€¦"
35,WeAreMarahall,"RT @Mobile_Morgue: think trolls tickle her 'g' spot?
must be stimulating her libido!
#Python #AI #IoT #IIoT #Azure #PyTorch #Cython #RStatsâ€¦"
36,WeAreMarahall,"RT @Mobile_Morgue: What's Success Without Dignity'
#Python #BigData #Analytics #AI #DataScience #IoT #IIoT #Azure #PyTorch #Cython #RStatsâ€¦"
37,WeAreMarahall,"RT @Mobile_Morgue: Clearly I'm The Only Who Loves'
#trendingkiiara @KIIARA #Security
#Python #AI #IoT #IIoT #Azure #Ad #PyTorch #Cython #RSâ€¦"
38,WeAreMarahall,"RT @Mobile_Morgue: that look she makes when @AtlanticRecords paid to increase follows #trendingkiiara @KIIARA 
#Python #AI #IoT #IIoT #Azurâ€¦"
39,TheCuriousLuke,"RT @Mobile_Morgue: @KIIARA @KIIARA wbu ğŸ¸ğŸª#trendingkiiara
#Python #BigData #Analytics #AI #DataScience #IoT #IIoT #Azure #PyTorch #Cython #Râ€¦"
40,WeAreMarahall,"RT @Mobile_Morgue: @KIIARA @KIIARA wbu ğŸ¸ğŸª#trendingkiiara
#Python #BigData #Analytics #AI #DataScience #IoT #IIoT #Azure #PyTorch #Cython #Râ€¦"
41,WeAreMarahall,RT @Mobile_Morgue: Went For A Swim in The Shallow gene Pool with stretched jeans now they're all on search and rescue missions! She Couldn'â€¦
42,WeAreMarahall,"RT @Mobile_Morgue: i can do this all day' Wbu?
#Python #WordPress #AI #Security #opensource #IoT #IIoT #Azure #IDO #PyTorch #Cython #RStatsâ€¦"
43,WeAreMarahall,"RT @Mobile_Morgue: Heya' Miss @KIIARAğŸª#IoT #C U
#Python #trendingkiiara #AI #HTML #IoT #IIoT #Azure #PyTorch #Cython #C #CPP #Java #CSharpâ€¦"
44,WeAreMarahall,"RT @Mobile_Morgue: And So It Was' Let It Reign Trolls
#trollpatrolğŸš©#Security @KIIARA 
#Python #AI #IoT #IIoT #Azure ğŸ¸#PyTorch #Cython #RStaâ€¦"
45,WeAreMarahall,"RT @Mobile_Morgue: They're Thick As Thieves'@KIIARA 
 #trollpatrolğŸš©#trendingkiiara #NFT
#Python #AI #IoT #IIoT #Azure #IDO #PyTorch #Cythonâ€¦"
46,WeAreMarahall,"RT @Mobile_Morgue: @KIIARA ğŸ¸ join bish @KIIARA #HTML #NFT 
#trendingkiiara lets sort trolls #Python #AI #IoT #IIoT #Azure #WordPress #PyTorâ€¦"
47,WeAreMarahall,RT @Mobile_Morgue: @eighth_mile @KIIARA ğŸª@KIIARA #trendingkiiara #Security #Python #BigData #Analytics #AI #DataScience #IoT #IIoT #Azure #â€¦
48,WeAreMarahall,"RT @Mobile_Morgue: @EmergingExit @KIIARA @KIIARA this isn't just words
they're Facts! #trendingkiiara
4 day old tweets still ringing!
#Pythâ€¦"
49,ArgentinaDevops,"RT @Antonym_Anthem_: @devjutsu @KIIARA #C Professional Marketing @devjutsu 
@KIIARA #Python #Roblox #IoT #IIoT #Azure #PyTorch #Cython #RStâ€¦"
50,WeAreMarahall,"RT @Antonym_Anthem_: @devjutsu @KIIARA #C Professional Marketing @devjutsu 
@KIIARA #Python #Roblox #IoT #IIoT #Azure #PyTorch #Cython #RStâ€¦"
51,JohnM19018119,"RT @PDH_SciTechNews: #Coding Single mom sues coding boot camp over job placement rates - Yahoo News https://t.co/tM4uwtGYGO 

#Python #Javaâ€¦"
52,WeAreMarahall,"RT @Enter_Entendre: ï£¿ Knock This Out The Park
#Python #Roblox #IoT #IIoT #Azure #PyTorch #Cython #RStats #DotNet #CPP #Java #BTSV #ADA #CShâ€¦"
53,codedailybot,RT @PDH_SciTechNews: #Coding Atlassian Puts Easy-to-Use Coding Tools in Hands of Business People - The Wall Street Journal https://t.co/27Vâ€¦
54,ArgentinaDevops,"RT @UnlimitedCursor: @eve_minor ï£¿ Look How Smart My Phone Is #C
#Python #Roblox #IoT #IIoT #Azure #PyTorch #Cython #RStats #DotNet #CPP #Jaâ€¦"
55,ArgentinaDevops,"RT @AlludingAssets: @eve_minor ï£¿ Art Official Intelligence
#Python #Roblox #IoT #IIoT #Azure #PyTorch #Cython #RStats #DotNet #CPP #Java #Bâ€¦"
56,Enter_Entendre,"RT @UnlimitedCursor: @eve_minor ï£¿ Look How Smart My Phone Is #C
#Python #Roblox #IoT #IIoT #Azure #PyTorch #Cython #RStats #DotNet #CPP #Jaâ€¦"
57,Enter_Entendre,"RT @AlludingAssets: @eve_minor ï£¿ Art Official Intelligence
#Python #Roblox #IoT #IIoT #Azure #PyTorch #Cython #RStats #DotNet #CPP #Java #Bâ€¦"
58,Bob_gamedev,RT @PDH_SciTechNews: #Coding Atlassian Puts Easy-to-Use Coding Tools in Hands of Business People - The Wall Street Journal https://t.co/27Vâ€¦
59,UtibeAbasiJacob,RT @PDH_SciTechNews: #Coding Atlassian Puts Easy-to-Use Coding Tools in Hands of Business People - The Wall Street Journal https://t.co/27Vâ€¦
60,JavaGeekBot,RT @PDH_SciTechNews: #Coding Atlassian Puts Easy-to-Use Coding Tools in Hands of Business People - The Wall Street Journal https://t.co/27Vâ€¦
61,GoaiDev,RT @PDH_SciTechNews: #Coding Atlassian Puts Easy-to-Use Coding Tools in Hands of Business People - The Wall Street Journal https://t.co/27Vâ€¦
62,PDH_SciTechNews,"#Coding Atlassian Puts Easy-to-Use Coding Tools in Hands of Business People - The Wall Street Journal https://t.co/27VvFjktCr 

#Python #Java #100DaysOfCode #FemTech #Linux #flutter #JavaScript #C #GO #R #Swift #PHP #Programming"
63,BolhaTech,"RT @OgGenessis: https://t.co/8M5JZ1IAbO
#WomenWhoCode #javascript   #GirlsWhoCode Ronaldo  #messi #PyTorch #NFT messi #Python #programmingâ€¦"
64,OgGenessis,"https://t.co/8M5JZ1IAbO
#WomenWhoCode #javascript   #GirlsWhoCode Ronaldo  #messi #PyTorch #NFT messi #Python #programming #project #vt #java #100daysofcode #coding #Nodejs #FACup #MCILIV #TOTBHA #MUNNOR   #SOUARS #NFTGiveaway #BTC Simp Ronaldo Nairobi  #cryptocurrency #DeFi #c"
65,monocat33,RT @paiza_official: PHPã€Rubyã€Javaã€Pythonã€Cã€C++ã€C#ã€JavaScriptã«å¯¾å¿œï¼ã‹ã‚ã„ã„ã‚³ãƒ¼ãƒ‰ã‚¬ãƒ¼ãƒ«ãŸã¡ã‚’é›†ã‚ãªãŒã‚‰æ¥½ã—ãç„¡æ–™ã§ãƒ—ãƒ­ã‚°ãƒ©ãƒŸãƒ³ã‚°ã‚’å­¦ã¼ã†
66,GirlsWhoCodeBot,"RT @OgGenessis: https://t.co/Qh2JBEZGfU
#WomenWhoCode #javascript   #GirlsWhoCode Ronaldo  #messi #PyTorch #NFT messi #Python #programmingâ€¦"
67,JavaGeekBot,"RT @PDH_SciTechNews: #Coding Musical, powerful live coding in the browser is here with Strudel - child of Tidal - CDM Create Digital Musicâ€¦"
68,GoaiDev,"RT @PDH_SciTechNews: #Coding Musical, powerful live coding in the browser is here with Strudel - child of Tidal - CDM Create Digital Musicâ€¦"
69,OgGenessis,"https://t.co/Qh2JBEZGfU
#WomenWhoCode #javascript   #GirlsWhoCode Ronaldo  #messi #PyTorch #NFT messi #Python #programming #project #vt #java #100daysofcode #coding #Nodejs #FACup #MCILIV #TOTBHA #MUNNOR   #SOUARS #NFTGiveaway #BTC Simp Langata  Nairobi  #cryptocurrency #DeFi #c"
70,PDH_SciTechNews,"#Coding Musical, powerful live coding in the browser is here with Strudel - child of Tidal - CDM Create Digital Music - Create Digital Music https://t.co/5XSbOBwo54 

#Python #Java #100DaysOfCode #FemTech #Linux #flutter #JavaScript #C #GO #R #Swift #PHP #Programming"
71,WeAreMarahall,"RT @Soul_Dispatch: ï£¿ Boasting Bout' Bottom Bracket 
#Python #Roblox #IoT #IIoT #Azure #PyTorch #Cython #RStats #DotNet #CPP #Java #BTSV #ADâ€¦"
72,xaelbot,RT @PDH_SciTechNews: #Coding Want to Land a High-Paying Job at Google? Learn this Coding Language - Analytics Insight https://t.co/LSTJTDoNâ€¦
73,JFSebastian146,RT @PDH_SciTechNews: #Coding Want to Land a High-Paying Job at Google? Learn this Coding Language - Analytics Insight https://t.co/LSTJTDoNâ€¦
74,momoha_himmel,"RT @paiza_official: Pythonãƒ»PHPãƒ»Rubyãƒ»Javaãƒ»Cãƒ»C++ãƒ»C#ãƒ»JavaScriptãƒ»Kotlinã«å¯¾å¿œã—ãŸãƒ—ãƒ­ã‚°ãƒ©ãƒŸãƒ³ã‚°ã‚²ãƒ¼ãƒ 
å…ˆè¼©ITã‚¨ãƒ³ã‚¸ãƒ‹ã‚¢ã¨å”åŠ›ã—ã¦ã€ãƒ—ãƒ­ã‚°ãƒ©ãƒŸãƒ³ã‚°ãƒãƒˆãƒ«ã«æŒ‘æˆ¦ã—ã¾ã—ã‚‡ã†ï¼"
75,PythonRoboto,RT @PDH_SciTechNews: #Coding Want to Land a High-Paying Job at Google? Learn this Coding Language - Analytics Insight https://t.co/LSTJTDoNâ€¦
76,mahnzu,RT @PDH_SciTechNews: #Coding Want to Land a High-Paying Job at Google? Learn this Coding Language - Analytics Insight https://t.co/LSTJTDoNâ€¦
77,JavaGeekBot,RT @PDH_SciTechNews: #Coding Want to Land a High-Paying Job at Google? Learn this Coding Language - Analytics Insight https://t.co/LSTJTDoNâ€¦
78,PDH_SciTechNews,"#Coding Want to Land a High-Paying Job at Google? Learn this Coding Language - Analytics Insight https://t.co/LSTJTDoNXs 

#Python #Java #100DaysOfCode #FemTech #Linux #flutter #JavaScript #C #GO #R #Swift #PHP #Programming"
79,s__r_t_m_02,"RT @paiza_official: Pythonãƒ»PHPãƒ»Rubyãƒ»Javaãƒ»Cãƒ»C++ãƒ»C#ãƒ»JavaScriptãƒ»Kotlinã«å¯¾å¿œã—ãŸãƒ—ãƒ­ã‚°ãƒ©ãƒŸãƒ³ã‚°ã‚²ãƒ¼ãƒ 
å…ˆè¼©ITã‚¨ãƒ³ã‚¸ãƒ‹ã‚¢ã¨å”åŠ›ã—ã¦ã€ãƒ—ãƒ­ã‚°ãƒ©ãƒŸãƒ³ã‚°ãƒãƒˆãƒ«ã«æŒ‘æˆ¦ã—ã¾ã—ã‚‡ã†ï¼"
80,xaelbot,"RT @PDH_SciTechNews: #Coding 3 Tools to Increase Coding Productivity - MUO - MakeUseOf https://t.co/baP6bbKVjM 

#Python #Java #100DaysOfCoâ€¦"
81,ancreatures,"RT @PDH_SciTechNews: #Coding 3 Tools to Increase Coding Productivity - MUO - MakeUseOf https://t.co/baP6bbKVjM 

#Python #Java #100DaysOfCoâ€¦"
82,Rap_Thesaurus,RT @PenmanshipP: Biggest Foolâ€™Teasing Trolls Whilst She Hasnâ€™t A Fan @KIIARA #trendingkiiara #Python #BigData #Analytics #AI #DataScience #â€¦
83,Rap_Thesaurus,"RT @EverydayKiiara: My Wordsâ€™ all from my heart
My head said run years agoâ€™
#trendingkiiara #Karma #savant 
#Security #HTML #WordPress
#Pytâ€¦"
84,realrubberduck1,"RT @EverydayKiiara: My Wordsâ€™ all from my heart
My head said run years agoâ€™
#trendingkiiara #Karma #savant 
#Security #HTML #WordPress
#Pytâ€¦"
85,WeAreMarahall,"RT @EverydayKiiara: My Wordsâ€™ all from my heart
My head said run years agoâ€™
#trendingkiiara #Karma #savant 
#Security #HTML #WordPress
#Pytâ€¦"
86,x8OvV7Y9FSud4qY,"RT @hikarine3: å°šãƒ—ãƒ­ã‚°ãƒ©ãƒŸãƒ³ã‚°è¨€èªã®æ±‚äººæ•°ãƒ©ãƒ³ã‚­ãƒ³ã‚°(æ—¥æœ¬)

é † è¨€èª æ±‚äººæ•°
1 Java 2600
2 JavaScript 1876
3 PHP 1717
4 Python 1405
5 Ruby 1047
6 C# 853
7 C ???
8 C++â€¦"
87,hikarine3,"å°šãƒ—ãƒ­ã‚°ãƒ©ãƒŸãƒ³ã‚°è¨€èªã®æ±‚äººæ•°ãƒ©ãƒ³ã‚­ãƒ³ã‚°(æ—¥æœ¬)

é † è¨€èª æ±‚äººæ•°
1 Java 2600
2 JavaScript 1876
3 PHP 1717
4 Python 1405
5 Ruby 1047
6 C# 853
7 C ???
8 C++ ???
9 Kotlin 534
10 VB 444
11 Perl 209
12 Go 158
13 Scala 150
14 Rust 125
15 Cobol 101

â€»Greenã‹ã‚‰/Cç³»ã¯Indeedã‹ã‚‰é †ã ã‘æŠœç²‹"
88,JFSebastian146,"RT @KithOmato: https://t.co/pElUIf8gc2
#WomenWhoCode #javascript   #GirlsWhoCode Ronaldo  #messi #PyTorch #NFT messi #Python #programming #â€¦"
89,XeronBot,"RT @PDH_SciTechNews: #Linux How to Extract Text From Images on Linux With TextSnatcher - MUO - MakeUseOf https://t.co/z35iDE8HxC 

#devopsâ€¦"
90,KithOmato,"https://t.co/pElUIf8gc2
#WomenWhoCode #javascript   #GirlsWhoCode Ronaldo  #messi #PyTorch #NFT messi #Python #programming #project #vt #java #100daysofcode #coding #Nodejs #FACup #MCILIV #TOTBHA #MUNNOR   #SOUARS #NFTGiveaway #BTC Simp Langata  Nairobi  #cryptocurrency #DeFi #c"
91,BolhaTech,RT @manoperalta: Primeiros passos em Javaâ€¦ #java #Python #developer #developments #c #php #html #javascript #bolhadev #Angular #NodeJS #Devâ€¦
92,manoperalta,Primeiros passos em Javaâ€¦ #java #Python #developer #developments #c #php #html #javascript #bolhadev #Angular #NodeJS #DeveloperJobs #devops #flutter https://t.co/UfbY4wX6FZ
93,php_synopsis,RT @PDH_SciTechNews: #Coding Powys town school pupils boost computer literacy with coding lesson - Powys County Times https://t.co/vHAPcihvâ€¦
94,JavaGeekBot,RT @PDH_SciTechNews: #Coding Powys town school pupils boost computer literacy with coding lesson - Powys County Times https://t.co/vHAPcihvâ€¦
95,insanedevbot,RT @PDH_SciTechNews: #Coding Powys town school pupils boost computer literacy with coding lesson - Powys County Times https://t.co/vHAPcihvâ€¦
96,rahul05ranjan,RT @PDH_SciTechNews: #Coding Powys town school pupils boost computer literacy with coding lesson - Powys County Times https://t.co/vHAPcihvâ€¦
97,GoaiDev,RT @PDH_SciTechNews: #Coding Powys town school pupils boost computer literacy with coding lesson - Powys County Times https://t.co/vHAPcihvâ€¦
98,XeronBot,RT @PDH_SciTechNews: #Coding Powys town school pupils boost computer literacy with coding lesson - Powys County Times https://t.co/vHAPcihvâ€¦
99,PDH_SciTechNews,"#Coding Powys town school pupils boost computer literacy with coding lesson - Powys County Times https://t.co/vHAPcihvd6 

#Python #Java #100DaysOfCode #FemTech #Linux #flutter #JavaScript #C #GO #R #Swift #PHP #Programming"
